Tag;Stunde;AVG_TA200;SUM_GS200;SUM_NN050
01.01.2025;00:00;2,2;0,0;0,0
01.01.2025;01:00;3,8;0,0;0,0
01.01.2025;02:00;3,5;0,0;0,0
01.01.2025;03:00;3,1;0,0;0,0
01.01.2025;04:00;3,9;0,0;0,0
01.01.2025;05:00;5,1;0,0;0,0
01.01.2025;06:00;5,1;0,0;0,0
01.01.2025;07:00;2,8;0,0;0,0
01.01.2025;08:00;0,4;0,0;0,0
01.01.2025;09:00;0,5;16,7;0,0
01.01.2025;10:00;3,2;73,3;0,0
01.01.2025;11:00;7,2;178,0;0,0
01.01.2025;12:00;8,6;192,1;0,0
01.01.2025;13:00;9,5;255,4;0,0
01.01.2025;14:00;9,7;243,2;0,0
01.01.2025;15:00;8,1;215,9;0,0
01.01.2025;16:00;7,8;114,2;0,0
01.01.2025;17:00;6,9;25,6;0,0
01.01.2025;18:00;6,2;0,0;0,0
01.01.2025;19:00;3,5;0,0;0,0
01.01.2025;20:00;2,9;0,0;0,0
01.01.2025;21:00;2,8;0,0;0,0
01.01.2025;22:00;2,9;0,0;0,0
01.01.2025;23:00;5,8;0,0;0,0
02.01.2025;00:00;6,9;0,0;0,0
02.01.2025;01:00;6,9;0,0;0,0
02.01.2025;02:00;7,1;0,0;0,0
02.01.2025;03:00;7,3;0,0;0,0
02.01.2025;04:00;7,4;0,0;0,0
02.01.2025;05:00;8,0;0,0;0,0
02.01.2025;06:00;7,9;0,0;0,0
02.01.2025;07:00;8,4;0,0;0,0
02.01.2025;08:00;8,9;0,0;0,0
02.01.2025;09:00;8,8;2,4;0,0
02.01.2025;10:00;9,1;27,8;0,0
02.01.2025;11:00;9,5;22,8;0,0
02.01.2025;12:00;9,0;22,8;0,0
02.01.2025;13:00;8,5;16,5;0,5
02.01.2025;14:00;7,3;14,2;1,1
02.01.2025;15:00;6,9;12,0;0,9
02.01.2025;16:00;6,6;0,0;1,1
02.01.2025;17:00;6,4;0,0;1,5
02.01.2025;18:00;5,5;0,0;3,2
02.01.2025;19:00;2,2;0,0;2,8
02.01.2025;20:00;0,3;0,0;0,0
02.01.2025;21:00;0,1;0,0;0,0
02.01.2025;22:00;0,3;0,0;0,0
02.01.2025;23:00;0,5;0,0;0,0
03.01.2025;00:00;0,8;0,0;0,0
03.01.2025;01:00;0,4;0,0;0,1
03.01.2025;02:00;0,5;0,0;0,2
03.01.2025;03:00;0,5;0,0;0,0
03.01.2025;04:00;0,4;0,0;0,1
03.01.2025;05:00;0,6;0,0;0,0
03.01.2025;06:00;0,5;0,0;0,0
03.01.2025;07:00;0,5;0,0;0,0
03.01.2025;08:00;0,5;0,0;0,0
03.01.2025;09:00;0,5;7,2;0,0
03.01.2025;10:00;0,8;52,1;0,1
03.01.2025;11:00;1,2;171,7;1,5
03.01.2025;12:00;1,2;165,2;1,8
03.01.2025;13:00;1,7;187,9;0,6
03.01.2025;14:00;2,6;239,0;0,0
03.01.2025;15:00;2,7;89,9;0,0
03.01.2025;16:00;2,7;39,1;0,0
03.01.2025;17:00;2,7;25,7;0,0
03.01.2025;18:00;1,5;0,0;0,0
03.01.2025;19:00;0,5;0,0;0,0
03.01.2025;20:00;0,4;0,0;0,0
03.01.2025;21:00;-0,1;0,0;0,0
03.01.2025;22:00;-1,1;0,0;0,0
03.01.2025;23:00;-2,1;0,0;0,0
04.01.2025;00:00;-2,6;0,0;0,0
04.01.2025;01:00;-2,9;0,0;0,0
04.01.2025;02:00;-3,3;0,0;0,0
04.01.2025;03:00;-4,0;0,0;0,0
04.01.2025;04:00;-4,2;0,0;0,0
04.01.2025;05:00;-4,3;0,0;0,0
04.01.2025;06:00;-4,5;0,0;0,0
04.01.2025;07:00;-4,6;0,0;0,0
04.01.2025;08:00;-4,2;0,0;0,0
04.01.2025;09:00;-5,0;19,4;0,0
04.01.2025;10:00;-3,5;123,2;0,0
04.01.2025;11:00;-2,2;220,7;0,1
04.01.2025;12:00;-1,4;300,9;0,0
04.01.2025;13:00;-0,1;314,3;0,0
04.01.2025;14:00;0,8;289,2;0,0
04.01.2025;15:00;1,2;207,6;0,0
04.01.2025;16:00;0,6;76,4;0,0
04.01.2025;17:00;0,0;8,9;0,0
04.01.2025;18:00;-0,2;0,0;0,0
04.01.2025;19:00;-0,3;0,0;0,0
04.01.2025;20:00;-0,2;0,0;0,0
04.01.2025;21:00;-0,7;0,0;0,0
04.01.2025;22:00;-1,0;0,0;0,0
04.01.2025;23:00;-0,7;0,0;0,0
05.01.2025;00:00;-0,7;0,0;1,6
05.01.2025;01:00;-0,6;0,0;0,8
05.01.2025;02:00;-0,6;0,0;1,2
05.01.2025;03:00;-0,4;0,0;1,3
05.01.2025;04:00;0,1;0,0;1,3
05.01.2025;05:00;1,4;0,0;3,0
05.01.2025;06:00;4,4;0,0;3,7
05.01.2025;07:00;7,2;0,0;0,1
05.01.2025;08:00;8,5;0,0;0,0
05.01.2025;09:00;9,0;0,0;0,0
05.01.2025;10:00;9,2;5,1;0,0
05.01.2025;11:00;10,0;18,1;0,0
05.01.2025;12:00;11,5;49,0;0,0
05.01.2025;13:00;12,0;54,5;0,0
05.01.2025;14:00;12,3;107,9;0,0
05.01.2025;15:00;12,4;116,2;0,0
05.01.2025;16:00;12,1;76,4;0,0
05.01.2025;17:00;11,4;13,6;0,0
05.01.2025;18:00;11,9;0,0;0,0
05.01.2025;19:00;12,2;0,0;0,0
05.01.2025;20:00;11,8;0,0;0,0
05.01.2025;21:00;11,1;0,0;0,0
05.01.2025;22:00;10,8;0,0;0,0
05.01.2025;23:00;10,7;0,0;0,0
06.01.2025;00:00;10,3;0,0;0,0
06.01.2025;01:00;10,4;0,0;0,0
06.01.2025;02:00;10,0;0,0;0,0
06.01.2025;03:00;9,4;0,0;0,0
06.01.2025;04:00;9,3;0,0;0,0
06.01.2025;05:00;9,1;0,0;0,0
06.01.2025;06:00;10,0;0,0;0,0
06.01.2025;07:00;10,5;0,0;0,0
06.01.2025;08:00;9,6;0,0;0,0
06.01.2025;09:00;11,2;3,1;0,0
06.01.2025;10:00;12,6;24,9;0,0
06.01.2025;11:00;14,0;74,3;0,0
06.01.2025;12:00;14,8;120,2;0,0
06.01.2025;13:00;15,8;182,8;0,0
06.01.2025;14:00;15,9;182,8;0,0
06.01.2025;15:00;15,4;56,1;0,0
06.01.2025;16:00;14,6;41,2;0,0
06.01.2025;17:00;13,4;2,2;0,0
06.01.2025;18:00;11,4;0,0;1,4
06.01.2025;19:00;9,9;0,0;1,3
06.01.2025;20:00;9,5;0,0;0,0
06.01.2025;21:00;9,6;0,0;0,0
06.01.2025;22:00;9,3;0,0;0,1
06.01.2025;23:00;8,8;0,0;0,0
07.01.2025;00:00;8,5;0,0;0,0
07.01.2025;01:00;7,8;0,0;0,0
07.01.2025;02:00;7,7;0,0;0,0
07.01.2025;03:00;7,6;0,0;0,0
07.01.2025;04:00;7,2;0,0;0,0
07.01.2025;05:00;7,2;0,0;0,0
07.01.2025;06:00;6,9;0,0;0,0
07.01.2025;07:00;6,9;0,0;0,0
07.01.2025;08:00;6,5;0,0;0,2
07.01.2025;09:00;5,8;2,9;0,1
07.01.2025;10:00;6,1;44,9;0,1
07.01.2025;11:00;6,1;142,5;0,1
07.01.2025;12:00;7,3;258,4;0,0
07.01.2025;13:00;6,9;77,7;0,2
07.01.2025;14:00;6,3;131,1;0,1
07.01.2025;15:00;5,6;71,4;0,1
07.01.2025;16:00;4,7;37,9;0,4
07.01.2025;17:00;4,3;6,2;0,1
07.01.2025;18:00;4,1;0,0;0,0
07.01.2025;19:00;4,6;0,0;0,0
07.01.2025;20:00;5,3;0,0;0,0
07.01.2025;21:00;5,8;0,0;0,0
07.01.2025;22:00;6,0;0,0;0,1
07.01.2025;23:00;6,3;0,0;0,0
08.01.2025;00:00;6,6;0,0;0,0
08.01.2025;01:00;6,4;0,0;0,0
08.01.2025;02:00;6,7;0,0;0,0
08.01.2025;03:00;6,7;0,0;0,0
08.01.2025;04:00;7,5;0,0;0,0
08.01.2025;05:00;7,6;0,0;0,0
08.01.2025;06:00;7,6;0,0;0,1
08.01.2025;07:00;7,2;0,0;0,3
08.01.2025;08:00;4,7;0,0;0,6
08.01.2025;09:00;4,3;0,0;0,4
08.01.2025;10:00;4,2;16,6;0,9
08.01.2025;11:00;4,1;39,5;1,3
08.01.2025;12:00;4,1;87,8;0,5
08.01.2025;13:00;4,2;58,5;1,3
08.01.2025;14:00;4,3;56,1;0,6
08.01.2025;15:00;4,3;33,7;0,4
08.01.2025;16:00;4,2;17,1;0,2
08.01.2025;17:00;4,4;7,6;0,0
08.01.2025;18:00;4,2;0,0;0,0
08.01.2025;19:00;4,4;0,0;0,0
08.01.2025;20:00;6,6;0,0;0,0
08.01.2025;21:00;12,2;0,0;0,0
08.01.2025;22:00;13,0;0,0;0,0
08.01.2025;23:00;12,1;0,0;0,2
09.01.2025;00:00;11,3;0,0;0,8
09.01.2025;01:00;10,3;0,0;1,0
09.01.2025;02:00;10,5;0,0;0,0
09.01.2025;03:00;11,5;0,0;0,0
09.01.2025;04:00;12,1;0,0;0,0
09.01.2025;05:00;12,7;0,0;0,0
09.01.2025;06:00;12,8;0,0;0,0
09.01.2025;07:00;12,7;0,0;0,0
09.01.2025;08:00;12,8;0,0;0,0
09.01.2025;09:00;12,5;11,7;0,0
09.01.2025;10:00;13,0;38,7;0,0
09.01.2025;11:00;13,6;90,8;0,0
09.01.2025;12:00;12,6;51,1;0,2
09.01.2025;13:00;12,6;69,6;0,0
09.01.2025;14:00;13,3;88,8;0,0
09.01.2025;15:00;12,9;36,3;0,0
09.01.2025;16:00;12,4;27,9;0,1
09.01.2025;17:00;10,2;0,0;2,0
09.01.2025;18:00;7,1;0,0;0,0
09.01.2025;19:00;4,6;0,0;0,0
09.01.2025;20:00;3,1;0,0;0,0
09.01.2025;21:00;2,9;0,0;0,0
09.01.2025;22:00;2,2;0,0;0,0
09.01.2025;23:00;2,0;0,0;0,0
10.01.2025;00:00;2,4;0,0;0,0
10.01.2025;01:00;2,5;0,0;0,0
10.01.2025;02:00;2,4;0,0;0,0
10.01.2025;03:00;2,3;0,0;0,0
10.01.2025;04:00;2,3;0,0;0,0
10.01.2025;05:00;2,4;0,0;0,0
10.01.2025;06:00;2,5;0,0;0,0
10.01.2025;07:00;2,4;0,0;0,0
10.01.2025;08:00;2,3;0,0;0,0
10.01.2025;09:00;2,3;5,8;0,0
10.01.2025;10:00;2,7;100,2;0,0
10.01.2025;11:00;3,9;241,3;0,0
10.01.2025;12:00;4,3;280,8;0,0
10.01.2025;13:00;4,1;216,0;0,0
10.01.2025;14:00;4,1;169,9;0,0
10.01.2025;15:00;4,5;163,6;0,0
10.01.2025;16:00;4,9;128,6;0,0
10.01.2025;17:00;3,6;17,0;0,0
10.01.2025;18:00;1,1;0,0;0,0
10.01.2025;19:00;-0,2;0,0;0,0
10.01.2025;20:00;-1,0;0,0;0,0
10.01.2025;21:00;-1,4;0,0;0,0
10.01.2025;22:00;-1,5;0,0;0,0
10.01.2025;23:00;-1,7;0,0;0,0
11.01.2025;00:00;-2,3;0,0;0,0
11.01.2025;01:00;-2,1;0,0;0,0
11.01.2025;02:00;-2,5;0,0;0,0
11.01.2025;03:00;-2,9;0,0;0,0
11.01.2025;04:00;-3,4;0,0;0,0
11.01.2025;05:00;-3,8;0,0;0,0
11.01.2025;06:00;-3,6;0,0;0,0
11.01.2025;07:00;-3,7;0,0;0,0
11.01.2025;08:00;-3,5;0,0;0,0
11.01.2025;09:00;-3,6;20,3;0,0
11.01.2025;10:00;-1,7;152,8;0,3
11.01.2025;11:00;-0,5;268,2;0,1
11.01.2025;12:00;0,6;263,7;0,0
11.01.2025;13:00;0,5;159,1;0,0
11.01.2025;14:00;1,1;304,0;0,0
11.01.2025;15:00;1,8;243,0;0,0
11.01.2025;16:00;2,0;144,0;0,0
11.01.2025;17:00;1,2;39,8;0,0
11.01.2025;18:00;0,7;0,0;0,0
11.01.2025;19:00;0,3;0,0;0,0
11.01.2025;20:00;-0,6;0,0;0,0
11.01.2025;21:00;-1,3;0,0;0,0
11.01.2025;22:00;-1,3;0,0;0,0
11.01.2025;23:00;-0,9;0,0;0,0
12.01.2025;00:00;-1,4;0,0;0,0
12.01.2025;01:00;-2,2;0,0;0,0
12.01.2025;02:00;-2,5;0,0;0,0
12.01.2025;03:00;-2,9;0,0;0,0
12.01.2025;04:00;-2,3;0,0;0,0
12.01.2025;05:00;-2,0;0,0;0,0
12.01.2025;06:00;-1,9;0,0;0,0
12.01.2025;07:00;-1,8;0,0;0,0
12.01.2025;08:00;-1,4;0,0;0,0
12.01.2025;09:00;-1,1;0,0;0,0
12.01.2025;10:00;-0,9;37,0;0,0
12.01.2025;11:00;-0,3;119,9;0,0
12.01.2025;12:00;0,5;151,3;0,0
12.01.2025;13:00;0,9;135,0;0,0
12.01.2025;14:00;1,1;109,7;0,0
12.01.2025;15:00;1,4;89,6;0,0
12.01.2025;16:00;1,6;90,2;0,0
12.01.2025;17:00;1,1;26,7;0,0
12.01.2025;18:00;0,2;0,0;0,0
12.01.2025;19:00;-0,3;0,0;0,0
12.01.2025;20:00;-1,2;0,0;0,0
12.01.2025;21:00;-1,7;0,0;0,0
12.01.2025;22:00;-1,8;0,0;0,0
12.01.2025;23:00;-2,3;0,0;0,0
13.01.2025;00:00;-2,7;0,0;0,0
13.01.2025;01:00;-2,4;0,0;0,0
13.01.2025;02:00;-2,2;0,0;0,0
13.01.2025;03:00;-3,4;0,0;0,0
13.01.2025;04:00;-3,8;0,0;0,0
13.01.2025;05:00;-4,0;0,0;0,0
13.01.2025;06:00;-4,3;0,0;0,0
13.01.2025;07:00;-3,5;0,0;0,0
13.01.2025;08:00;-4,4;0,0;0,0
13.01.2025;09:00;-4,7;19,5;0,0
13.01.2025;10:00;-3,0;146,7;0,0
13.01.2025;11:00;-1,5;250,2;0,0
13.01.2025;12:00;0,4;321,4;0,0
13.01.2025;13:00;0,9;347,5;0,0
13.01.2025;14:00;1,3;324,4;0,0
13.01.2025;15:00;1,5;256,5;0,0
13.01.2025;16:00;1,4;154,8;0,0
13.01.2025;17:00;0,2;46,8;0,0
13.01.2025;18:00;-0,9;0,0;0,0
13.01.2025;19:00;-1,7;0,0;0,0
13.01.2025;20:00;-2,5;0,0;0,0
13.01.2025;21:00;-3,2;0,0;0,0
13.01.2025;22:00;-3,4;0,0;0,0
13.01.2025;23:00;-3,5;0,0;0,0
14.01.2025;00:00;-3,4;0,0;0,0
14.01.2025;01:00;-3,8;0,0;0,0
14.01.2025;02:00;-3,8;0,0;0,0
14.01.2025;03:00;-3,7;0,0;0,0
14.01.2025;04:00;-3,7;0,0;0,0
14.01.2025;05:00;-3,8;0,0;0,0
14.01.2025;06:00;-3,9;0,0;0,0
14.01.2025;07:00;-4,8;0,0;0,0
14.01.2025;08:00;-5,5;0,0;0,0
14.01.2025;09:00;-5,8;15,9;0,0
14.01.2025;10:00;-4,3;128,2;0,0
14.01.2025;11:00;-2,1;246,3;0,0
14.01.2025;12:00;-1,4;317,0;0,0
14.01.2025;13:00;-0,4;343,6;0,0
14.01.2025;14:00;0,6;319,8;0,0
14.01.2025;15:00;1,0;250,4;0,0
14.01.2025;16:00;1,6;150,7;0,0
14.01.2025;17:00;1,0;48,0;0,0
14.01.2025;18:00;-0,6;0,0;0,0
14.01.2025;19:00;-1,9;0,0;0,0
14.01.2025;20:00;-2,4;0,0;0,0
14.01.2025;21:00;-2,8;0,0;0,0
14.01.2025;22:00;-3,6;0,0;0,0
14.01.2025;23:00;-4,3;0,0;0,0
15.01.2025;00:00;-4,5;0,0;0,0
15.01.2025;01:00;-4,6;0,0;0,0
15.01.2025;02:00;-4,6;0,0;0,0
15.01.2025;03:00;-3,4;0,0;0,0
15.01.2025;04:00;-2,8;0,0;0,0
15.01.2025;05:00;-2,6;0,0;0,0
15.01.2025;06:00;-2,3;0,0;0,0
15.01.2025;07:00;-2,0;0,0;0,0
15.01.2025;08:00;-1,8;0,0;0,0
15.01.2025;09:00;-1,5;6,3;0,0
15.01.2025;10:00;-1,1;47,1;0,0
15.01.2025;11:00;-1,1;58,0;0,0
15.01.2025;12:00;-0,4;126,4;0,0
15.01.2025;13:00;0,5;162,0;0,0
15.01.2025;14:00;0,5;110,0;0,0
15.01.2025;15:00;0,7;107,2;0,0
15.01.2025;16:00;1,0;55,8;0,0
15.01.2025;17:00;0,9;18,3;0,0
15.01.2025;18:00;1,0;0,0;0,0
15.01.2025;19:00;1,0;0,0;0,0
15.01.2025;20:00;0,7;0,0;0,0
15.01.2025;21:00;0,5;0,0;0,0
15.01.2025;22:00;0,6;0,0;0,0
15.01.2025;23:00;0,4;0,0;0,0
16.01.2025;00:00;0,2;0,0;0,0
16.01.2025;01:00;-0,1;0,0;0,0
16.01.2025;02:00;-0,4;0,0;0,0
16.01.2025;03:00;-0,5;0,0;0,0
16.01.2025;04:00;-0,3;0,0;0,0
16.01.2025;05:00;-0,1;0,0;0,0
16.01.2025;06:00;0,0;0,0;0,0
16.01.2025;07:00;0,0;0,0;0,0
16.01.2025;08:00;-0,2;0,0;0,0
16.01.2025;09:00;-0,1;2,4;0,0
16.01.2025;10:00;-0,1;25,7;0,0
16.01.2025;11:00;-0,1;94,4;0,0
16.01.2025;12:00;0,5;127,3;0,0
16.01.2025;13:00;1,7;252,8;0,0
16.01.2025;14:00;3,0;307,3;0,0
16.01.2025;15:00;4,5;242,2;0,0
16.01.2025;16:00;4,4;145,5;0,0
16.01.2025;17:00;3,0;18,8;0,0
16.01.2025;18:00;1,4;0,0;0,0
16.01.2025;19:00;0,5;0,0;0,0
16.01.2025;20:00;0,1;0,0;0,0
16.01.2025;21:00;-0,3;0,0;0,0
16.01.2025;22:00;-0,6;0,0;0,0
16.01.2025;23:00;-0,7;0,0;0,0
17.01.2025;00:00;-0,3;0,0;0,0
17.01.2025;01:00;-0,1;0,0;0,0
17.01.2025;02:00;-0,2;0,0;0,0
17.01.2025;03:00;-0,3;0,0;0,0
17.01.2025;04:00;-0,2;0,0;0,0
17.01.2025;05:00;-0,3;0,0;0,0
17.01.2025;06:00;-0,3;0,0;0,0
17.01.2025;07:00;-0,1;0,0;0,0
17.01.2025;08:00;-0,2;0,0;0,0
17.01.2025;09:00;-0,1;0,0;0,0
17.01.2025;10:00;0,1;27,8;0,0
17.01.2025;11:00;0,5;67,0;0,0
17.01.2025;12:00;1,3;115,2;0,0
17.01.2025;13:00;2,0;142,3;0,0
17.01.2025;14:00;2,0;128,6;0,0
17.01.2025;15:00;1,6;87,6;0,0
17.01.2025;16:00;1,3;46,4;0,0
17.01.2025;17:00;1,1;10,2;0,0
17.01.2025;18:00;0,8;0,0;0,0
17.01.2025;19:00;0,6;0,0;0,0
17.01.2025;20:00;0,5;0,0;0,0
17.01.2025;21:00;0,3;0,0;0,0
17.01.2025;22:00;0,2;0,0;0,0
17.01.2025;23:00;0,1;0,0;0,0
18.01.2025;00:00;0,1;0,0;0,0
18.01.2025;01:00;0,0;0,0;0,0
18.01.2025;02:00;-0,1;0,0;0,0
18.01.2025;03:00;-0,1;0,0;0,0
18.01.2025;04:00;-0,1;0,0;0,0
18.01.2025;05:00;-0,1;0,0;0,0
18.01.2025;06:00;-0,1;0,0;0,0
18.01.2025;07:00;-0,1;0,0;0,0
18.01.2025;08:00;-0,1;0,0;0,0
18.01.2025;09:00;-0,1;5,9;0,0
18.01.2025;10:00;0,3;44,5;0,0
18.01.2025;11:00;0,9;82,0;0,0
18.01.2025;12:00;1,2;152,3;0,0
18.01.2025;13:00;2,5;334,1;0,0
18.01.2025;14:00;3,2;315,2;0,0
18.01.2025;15:00;3,6;251,3;0,0
18.01.2025;16:00;3,9;151,9;0,0
18.01.2025;17:00;3,0;51,0;0,0
18.01.2025;18:00;0,9;0,0;0,0
18.01.2025;19:00;-0,2;0,0;0,0
18.01.2025;20:00;-1,2;0,0;0,0
18.01.2025;21:00;-1,5;0,0;0,0
18.01.2025;22:00;-1,9;0,0;0,0
18.01.2025;23:00;-2,0;0,0;0,0
19.01.2025;00:00;-2,0;0,0;0,0
19.01.2025;01:00;-2,0;0,0;0,0
19.01.2025;02:00;-2,0;0,0;0,0
19.01.2025;03:00;-2,5;0,0;0,0
19.01.2025;04:00;-2,5;0,0;0,0
19.01.2025;05:00;-2,2;0,0;0,0
19.01.2025;06:00;-2,1;0,0;0,0
19.01.2025;07:00;-1,8;0,0;0,0
19.01.2025;08:00;-1,7;0,0;0,0
19.01.2025;09:00;-1,5;0,0;0,0
19.01.2025;10:00;-1,5;8,4;0,0
19.01.2025;11:00;-1,4;34,2;0,0
19.01.2025;12:00;-1,3;51,9;0,0
19.01.2025;13:00;-1,2;54,7;0,0
19.01.2025;14:00;-0,9;68,2;0,0
19.01.2025;15:00;-0,7;101,1;0,0
19.01.2025;16:00;-0,2;73,4;0,0
19.01.2025;17:00;-0,4;26,2;0,0
19.01.2025;18:00;-0,6;0,0;0,0
19.01.2025;19:00;-0,8;0,0;0,0
19.01.2025;20:00;-0,9;0,0;0,0
19.01.2025;21:00;-1,3;0,0;0,0
19.01.2025;22:00;-1,4;0,0;0,0
19.01.2025;23:00;-1,1;0,0;0,0
20.01.2025;00:00;-1,1;0,0;0,0
20.01.2025;01:00;-1,3;0,0;0,0
20.01.2025;02:00;-1,6;0,0;0,0
20.01.2025;03:00;-2,3;0,0;0,0
20.01.2025;04:00;-2,6;0,0;0,0
20.01.2025;05:00;-2,4;0,0;0,0
20.01.2025;06:00;-2,7;0,0;0,0
20.01.2025;07:00;-3,1;0,0;0,0
20.01.2025;08:00;-3,3;0,0;0,0
20.01.2025;09:00;-3,6;13,2;0,0
20.01.2025;10:00;-3,5;64,3;0,0
20.01.2025;11:00;-2,8;116,7;0,0
20.01.2025;12:00;-2,4;158,2;0,0
20.01.2025;13:00;-1,5;178,2;0,1
20.01.2025;14:00;-1,3;154,7;0,0
20.01.2025;15:00;-1,0;80,4;0,0
20.01.2025;16:00;-0,8;81,4;0,0
20.01.2025;17:00;-1,0;12,6;0,0
20.01.2025;18:00;-1,2;0,0;0,0
20.01.2025;19:00;-1,5;0,0;0,0
20.01.2025;20:00;-1,5;0,0;0,0
20.01.2025;21:00;-1,8;0,0;0,0
20.01.2025;22:00;-2,0;0,0;0,0
20.01.2025;23:00;-2,1;0,0;0,0
21.01.2025;00:00;-2,2;0,0;0,0
21.01.2025;01:00;-2,2;0,0;0,0
21.01.2025;02:00;-2,4;0,0;0,0
21.01.2025;03:00;-2,3;0,0;0,0
21.01.2025;04:00;-2,3;0,0;0,0
21.01.2025;05:00;-2,4;0,0;0,0
21.01.2025;06:00;-2,4;0,0;0,0
21.01.2025;07:00;-2,4;0,0;0,0
21.01.2025;08:00;-2,7;0,0;0,0
21.01.2025;09:00;-2,7;0,0;0,0
21.01.2025;10:00;-2,9;35,2;0,0
21.01.2025;11:00;-2,7;68,9;0,0
21.01.2025;12:00;-2,4;92,4;0,0
21.01.2025;13:00;-2,1;111,7;0,0
21.01.2025;14:00;-1,9;104,0;0,0
21.01.2025;15:00;-1,7;89,1;0,0
21.01.2025;16:00;-1,5;48,1;0,0
21.01.2025;17:00;-1,7;10,4;0,0
21.01.2025;18:00;-1,7;0,0;0,0
21.01.2025;19:00;-1,9;0,0;0,0
21.01.2025;20:00;-2,0;0,0;0,0
21.01.2025;21:00;-2,1;0,0;0,0
21.01.2025;22:00;-2,3;0,0;0,0
21.01.2025;23:00;-2,4;0,0;0,0
22.01.2025;00:00;-2,4;0,0;0,0
22.01.2025;01:00;-2,5;0,0;0,0
22.01.2025;02:00;-2,6;0,0;0,0
22.01.2025;03:00;-2,6;0,0;0,0
22.01.2025;04:00;-2,5;0,0;0,0
22.01.2025;05:00;-2,6;0,0;0,0
22.01.2025;06:00;-2,6;0,0;0,0
22.01.2025;07:00;-2,6;0,0;0,0
22.01.2025;08:00;-2,5;0,0;0,0
22.01.2025;09:00;-2,2;0,0;0,0
22.01.2025;10:00;-1,6;22,6;0,0
22.01.2025;11:00;-1,2;47,6;0,1
22.01.2025;12:00;-0,6;88,7;4,1
22.01.2025;13:00;-0,1;136,3;0,0
22.01.2025;14:00;0,5;154,6;0,0
22.01.2025;15:00;1,3;99,4;0,0
22.01.2025;16:00;1,6;47,0;0,0
22.01.2025;17:00;2,2;20,8;0,0
22.01.2025;18:00;2,0;0,0;0,0
22.01.2025;19:00;1,7;0,0;0,0
22.01.2025;20:00;1,6;0,0;0,0
22.01.2025;21:00;2,1;0,0;0,0
22.01.2025;22:00;1,6;0,0;0,0
22.01.2025;23:00;1,8;0,0;0,0
23.01.2025;00:00;1,7;0,0;0,0
23.01.2025;01:00;2,0;0,0;0,0
23.01.2025;02:00;2,7;0,0;0,9
23.01.2025;03:00;5,5;0,0;0,4
23.01.2025;04:00;8,9;0,0;0,0
23.01.2025;05:00;12,6;0,0;0,0
23.01.2025;06:00;12,6;0,0;1,4
23.01.2025;07:00;9,9;0,0;1,0
23.01.2025;08:00;8,3;0,0;0,0
23.01.2025;09:00;6,9;7,2;0,0
23.01.2025;10:00;6,1;39,6;0,0
23.01.2025;11:00;6,0;63,1;0,0
23.01.2025;12:00;7,0;157,3;0,0
23.01.2025;13:00;7,0;124,2;0,0
23.01.2025;14:00;7,4;285,4;0,0
23.01.2025;15:00;6,9;182,0;0,0
23.01.2025;16:00;6,9;135,5;0,0
23.01.2025;17:00;6,6;40,1;0,0
23.01.2025;18:00;6,2;0,0;0,0
23.01.2025;19:00;6,0;0,0;0,0
23.01.2025;20:00;6,5;0,0;0,0
23.01.2025;21:00;6,8;0,0;0,0
23.01.2025;22:00;6,7;0,0;0,0
23.01.2025;23:00;6,9;0,0;0,0
24.01.2025;00:00;7,0;0,0;0,0
24.01.2025;01:00;6,9;0,0;0,0
24.01.2025;02:00;6,7;0,0;0,0
24.01.2025;03:00;6,6;0,0;0,0
24.01.2025;04:00;6,6;0,0;0,0
24.01.2025;05:00;6,9;0,0;0,0
24.01.2025;06:00;6,9;0,0;0,0
24.01.2025;07:00;5,2;0,0;0,0
24.01.2025;08:00;5,2;0,0;0,0
24.01.2025;09:00;4,6;18,9;0,0
24.01.2025;10:00;5,4;113,1;0,0
24.01.2025;11:00;5,2;108,2;0,0
24.01.2025;12:00;7,3;333,2;0,0
24.01.2025;13:00;9,8;263,0;0,0
24.01.2025;14:00;12,5;180,1;0,0
24.01.2025;15:00;12,8;218,0;0,0
24.01.2025;16:00;13,8;209,5;0,0
24.01.2025;17:00;13,4;62,7;0,0
24.01.2025;18:00;12,7;0,0;0,0
24.01.2025;19:00;12,5;0,0;0,0
24.01.2025;20:00;11,3;0,0;0,0
24.01.2025;21:00;10,9;0,0;0,0
24.01.2025;22:00;12,7;0,0;0,0
24.01.2025;23:00;10,1;0,0;0,0
25.01.2025;00:00;6,8;0,0;0,0
25.01.2025;01:00;5,9;0,0;0,0
25.01.2025;02:00;4,9;0,0;0,0
25.01.2025;03:00;4,3;0,0;0,0
25.01.2025;04:00;6,7;0,0;0,0
25.01.2025;05:00;7,0;0,0;0,0
25.01.2025;06:00;9,2;0,0;0,0
25.01.2025;07:00;10,7;0,0;0,0
25.01.2025;08:00;11,2;0,0;0,0
25.01.2025;09:00;8,9;3,4;0,0
25.01.2025;10:00;8,9;148,3;0,0
25.01.2025;11:00;10,9;175,8;0,0
25.01.2025;12:00;13,8;304,9;0,0
25.01.2025;13:00;16,0;280,2;0,0
25.01.2025;14:00;16,4;267,6;0,0
25.01.2025;15:00;16,5;210,7;0,0
25.01.2025;16:00;16,0;109,1;0,0
25.01.2025;17:00;15,2;33,6;0,0
25.01.2025;18:00;13,6;0,0;0,0
25.01.2025;19:00;12,5;0,0;0,0
25.01.2025;20:00;10,5;0,0;0,0
25.01.2025;21:00;10,5;0,0;0,0
25.01.2025;22:00;11,1;0,0;0,0
25.01.2025;23:00;11,6;0,0;0,7
26.01.2025;00:00;11,1;0,0;0,0
26.01.2025;01:00;9,6;0,0;0,2
26.01.2025;02:00;8,6;0,0;0,0
26.01.2025;03:00;9,8;0,0;0,0
26.01.2025;04:00;9,6;0,0;0,0
26.01.2025;05:00;9,7;0,0;0,1
26.01.2025;06:00;9,7;0,0;0,0
26.01.2025;07:00;8,4;0,0;0,0
26.01.2025;08:00;7,2;0,0;0,0
26.01.2025;09:00;6,4;0,0;0,0
26.01.2025;10:00;6,1;28,1;0,0
26.01.2025;11:00;6,2;93,5;0,0
26.01.2025;12:00;7,2;341,3;0,0
26.01.2025;13:00;7,9;395,5;0,0
26.01.2025;14:00;8,7;368,5;0,0
26.01.2025;15:00;9,4;286,9;0,0
26.01.2025;16:00;9,0;107,2;0,0
26.01.2025;17:00;7,8;28,5;0,0
26.01.2025;18:00;6,4;0,0;0,0
26.01.2025;19:00;6,3;0,0;0,0
26.01.2025;20:00;7,8;0,0;0,0
26.01.2025;21:00;7,8;0,0;0,0
26.01.2025;22:00;8,5;0,0;0,0
26.01.2025;23:00;11,1;0,0;0,0
27.01.2025;00:00;11,9;0,0;0,0
27.01.2025;01:00;11,9;0,0;0,1
27.01.2025;02:00;11,5;0,0;0,0
27.01.2025;03:00;12,4;0,0;0,0
27.01.2025;04:00;11,7;0,0;1,1
27.01.2025;05:00;12,0;0,0;0,3
27.01.2025;06:00;13,5;0,0;0,0
27.01.2025;07:00;13,3;0,0;0,0
27.01.2025;08:00;12,5;0,0;0,1
27.01.2025;09:00;12,5;0,0;0,3
27.01.2025;10:00;11,9;17,5;0,7
27.01.2025;11:00;12,1;41,5;0,7
27.01.2025;12:00;11,8;71,0;0,4
27.01.2025;13:00;12,3;94,9;0,0
27.01.2025;14:00;11,7;36,6;0,3
27.01.2025;15:00;11,6;67,4;0,0
27.01.2025;16:00;12,2;39,8;0,5
27.01.2025;17:00;10,0;0,0;1,8
27.01.2025;18:00;9,4;0,0;0,0
27.01.2025;19:00;9,6;0,0;0,0
27.01.2025;20:00;10,2;0,0;0,0
27.01.2025;21:00;10,8;0,0;0,0
27.01.2025;22:00;10,6;0,0;0,0
27.01.2025;23:00;10,1;0,0;0,0
28.01.2025;00:00;9,8;0,0;0,0
28.01.2025;01:00;9,5;0,0;0,0
28.01.2025;02:00;8,5;0,0;0,0
28.01.2025;03:00;7,8;0,0;0,0
28.01.2025;04:00;6,5;0,0;0,0
28.01.2025;05:00;6,2;0,0;1,2
28.01.2025;06:00;7,6;0,0;0,2
28.01.2025;07:00;8,0;0,0;0,0
28.01.2025;08:00;7,8;0,0;0,0
28.01.2025;09:00;7,6;5,4;0,0
28.01.2025;10:00;7,8;52,3;0,0
28.01.2025;11:00;8,2;102,2;0,0
28.01.2025;12:00;8,7;153,6;0,0
28.01.2025;13:00;9,5;234,8;0,0
28.01.2025;14:00;10,0;228,0;0,0
28.01.2025;15:00;10,5;285,7;0,0
28.01.2025;16:00;10,3;57,0;0,0
28.01.2025;17:00;9,8;10,7;0,0
28.01.2025;18:00;8,6;0,0;0,0
28.01.2025;19:00;8,6;0,0;0,0
28.01.2025;20:00;8,3;0,0;0,0
28.01.2025;21:00;7,8;0,0;0,0
28.01.2025;22:00;7,6;0,0;0,0
28.01.2025;23:00;8,1;0,0;0,0
29.01.2025;00:00;8,2;0,0;0,0
29.01.2025;01:00;8,2;0,0;0,2
29.01.2025;02:00;7,6;0,0;0,5
29.01.2025;03:00;7,8;0,0;0,2
29.01.2025;04:00;8,1;0,0;0,1
29.01.2025;05:00;7,8;0,0;0,0
29.01.2025;06:00;7,4;0,0;1,1
29.01.2025;07:00;7,2;0,0;0,3
29.01.2025;08:00;7,5;0,0;0,4
29.01.2025;09:00;7,6;14,2;0,0
29.01.2025;10:00;7,7;66,1;0,0
29.01.2025;11:00;7,8;113,1;0,0
29.01.2025;12:00;8,2;208,6;0,0
29.01.2025;13:00;9,5;299,0;0,0
29.01.2025;14:00;10,0;345,3;0,0
29.01.2025;15:00;9,8;163,7;0,0
29.01.2025;16:00;9,7;94,6;0,0
29.01.2025;17:00;8,7;59,2;0,0
29.01.2025;18:00;7,1;9,2;0,0
29.01.2025;19:00;5,7;0,0;0,0
29.01.2025;20:00;4,4;0,0;0,0
29.01.2025;21:00;3,4;0,0;0,0
29.01.2025;22:00;2,7;0,0;0,0
29.01.2025;23:00;1,7;0,0;0,0
30.01.2025;00:00;1,8;0,0;0,0
30.01.2025;01:00;1,8;0,0;0,0
30.01.2025;02:00;1,7;0,0;0,0
30.01.2025;03:00;1,6;0,0;0,0
30.01.2025;04:00;1,5;0,0;0,0
30.01.2025;05:00;2,0;0,0;0,0
30.01.2025;06:00;2,1;0,0;0,0
30.01.2025;07:00;2,4;0,0;0,0
30.01.2025;08:00;3,2;0,0;0,0
30.01.2025;09:00;3,5;7,2;0,0
30.01.2025;10:00;4,4;45,8;0,0
30.01.2025;11:00;5,3;81,8;0,0
30.01.2025;12:00;7,0;122,0;0,0
30.01.2025;13:00;7,4;112,3;0,1
30.01.2025;14:00;9,0;190,1;0,0
30.01.2025;15:00;8,8;78,5;0,0
30.01.2025;16:00;8,0;41,3;0,2
30.01.2025;17:00;7,8;27,8;0,0
30.01.2025;18:00;7,7;0,0;0,0
30.01.2025;19:00;7,7;0,0;0,0
30.01.2025;20:00;7,8;0,0;0,1
30.01.2025;21:00;7,6;0,0;0,0
30.01.2025;22:00;7,5;0,0;0,0
30.01.2025;23:00;7,2;0,0;0,0
31.01.2025;00:00;7,1;0,0;0,0
31.01.2025;01:00;7,2;0,0;0,0
31.01.2025;02:00;6,8;0,0;0,0
31.01.2025;03:00;5,4;0,0;0,0
31.01.2025;04:00;4,9;0,0;0,0
31.01.2025;05:00;4,5;0,0;0,0
31.01.2025;06:00;4,3;0,0;0,3
31.01.2025;07:00;4,2;0,0;0,0
31.01.2025;08:00;4,1;0,0;0,0
31.01.2025;09:00;3,8;15,9;0,0
31.01.2025;10:00;3,9;64,8;0,0
31.01.2025;11:00;4,5;154,6;0,0
31.01.2025;12:00;5,5;256,2;0,1
31.01.2025;13:00;6,2;257,6;0,0
31.01.2025;14:00;6,0;151,4;0,0
31.01.2025;15:00;6,0;133,6;0,0
31.01.2025;16:00;6,1;89,2;0,0
31.01.2025;17:00;5,8;28,9;0,0
31.01.2025;18:00;4,7;2,6;0,0
31.01.2025;19:00;3,9;0,0;0,0
31.01.2025;20:00;2,5;0,0;0,0
31.01.2025;21:00;1,8;0,0;0,0
31.01.2025;22:00;0,3;0,0;0,0
31.01.2025;23:00;-0,6;0,0;0,0
01.02.2025;00:00;-0,7;0,0;0,0
01.02.2025;01:00;-0,9;0,0;0,0
01.02.2025;02:00;-1,1;0,0;0,0
01.02.2025;03:00;-1,0;0,0;0,0
01.02.2025;04:00;-1,0;0,0;0,0
01.02.2025;05:00;-1,0;0,0;0,0
01.02.2025;06:00;-1,3;0,0;0,0
01.02.2025;07:00;-1,9;0,0;0,0
01.02.2025;08:00;-1,6;0,0;0,0
01.02.2025;09:00;-1,3;40,3;0,0
01.02.2025;10:00;0,4;181,8;0,0
01.02.2025;11:00;0,3;258,2;0,0
01.02.2025;12:00;1,3;372,3;0,0
01.02.2025;13:00;3,2;412,9;0,0
01.02.2025;14:00;4,1;250,5;0,0
01.02.2025;15:00;4,2;114,0;0,0
01.02.2025;16:00;4,3;65,6;0,0
01.02.2025;17:00;4,2;17,2;0,0
01.02.2025;18:00;4,0;0,0;0,0
01.02.2025;19:00;3,7;0,0;0,0
01.02.2025;20:00;3,5;0,0;0,0
01.02.2025;21:00;3,2;0,0;0,0
01.02.2025;22:00;3,1;0,0;0,0
01.02.2025;23:00;3,1;0,0;0,0
02.02.2025;00:00;2,9;0,0;0,0
02.02.2025;01:00;2,8;0,0;0,0
02.02.2025;02:00;2,4;0,0;0,0
02.02.2025;03:00;2,3;0,0;0,0
02.02.2025;04:00;2,1;0,0;0,0
02.02.2025;05:00;1,9;0,0;0,0
02.02.2025;06:00;1,5;0,0;0,0
02.02.2025;07:00;1,3;0,0;0,0
02.02.2025;08:00;1,3;0,0;0,0
02.02.2025;09:00;1,5;5,8;0,0
02.02.2025;10:00;2,1;35,3;0,0
02.02.2025;11:00;2,6;70,2;0,0
02.02.2025;12:00;2,8;100,6;0,0
02.02.2025;13:00;3,0;144,7;0,0
02.02.2025;14:00;3,5;171,8;0,0
02.02.2025;15:00;3,7;162,5;0,0
02.02.2025;16:00;3,5;84,0;0,0
02.02.2025;17:00;3,4;43,7;0,0
02.02.2025;18:00;3,1;0,0;0,0
02.02.2025;19:00;2,6;0,0;0,0
02.02.2025;20:00;2,4;0,0;0,0
02.02.2025;21:00;2,4;0,0;0,0
02.02.2025;22:00;2,4;0,0;0,0
02.02.2025;23:00;2,4;0,0;0,0
03.02.2025;00:00;2,4;0,0;0,0
03.02.2025;01:00;2,4;0,0;0,0
03.02.2025;02:00;2,3;0,0;0,0
03.02.2025;03:00;2,1;0,0;0,0
03.02.2025;04:00;2,0;0,0;0,0
03.02.2025;05:00;2,0;0,0;0,0
03.02.2025;06:00;1,7;0,0;0,0
03.02.2025;07:00;1,7;0,0;0,0
03.02.2025;08:00;1,6;0,0;0,0
03.02.2025;09:00;1,6;2,3;0,0
03.02.2025;10:00;1,7;24,8;0,0
03.02.2025;11:00;1,7;45,6;0,0
03.02.2025;12:00;1,8;60,6;0,0
03.02.2025;13:00;2,0;65,6;0,0
03.02.2025;14:00;2,2;87,0;0,0
03.02.2025;15:00;2,2;65,0;0,0
03.02.2025;16:00;2,2;42,4;0,0
03.02.2025;17:00;1,8;17,4;0,0
03.02.2025;18:00;1,7;0,0;0,0
03.02.2025;19:00;1,4;0,0;0,0
03.02.2025;20:00;1,5;0,0;0,0
03.02.2025;21:00;1,5;0,0;0,0
03.02.2025;22:00;1,5;0,0;0,0
03.02.2025;23:00;1,5;0,0;0,0
04.02.2025;00:00;1,4;0,0;0,0
04.02.2025;01:00;1,4;0,0;0,0
04.02.2025;02:00;1,4;0,0;0,0
04.02.2025;03:00;1,3;0,0;0,0
04.02.2025;04:00;1,2;0,0;0,0
04.02.2025;05:00;1,1;0,0;0,0
04.02.2025;06:00;0,9;0,0;0,0
04.02.2025;07:00;0,7;0,0;0,0
04.02.2025;08:00;0,6;0,0;0,0
04.02.2025;09:00;0,5;6,1;0,0
04.02.2025;10:00;0,6;35,4;0,0
04.02.2025;11:00;0,7;65,6;0,0
04.02.2025;12:00;0,9;115,4;0,0
04.02.2025;13:00;1,3;191,6;0,0
04.02.2025;14:00;2,7;402,2;0,0
04.02.2025;15:00;4,0;343,5;0,0
04.02.2025;16:00;4,5;227,8;0,0
04.02.2025;17:00;4,2;98,0;0,0
04.02.2025;18:00;2,6;11,1;0,0
04.02.2025;19:00;0,7;0,0;0,0
04.02.2025;20:00;-0,5;0,0;0,0
04.02.2025;21:00;-1,1;0,0;0,0
04.02.2025;22:00;-1,3;0,0;0,0
04.02.2025;23:00;-1,7;0,0;0,0
05.02.2025;00:00;-1,8;0,0;0,0
05.02.2025;01:00;-2,2;0,0;0,0
05.02.2025;02:00;-2,4;0,0;0,0
05.02.2025;03:00;-2,7;0,0;0,0
05.02.2025;04:00;-2,8;0,0;0,0
05.02.2025;05:00;-3,3;0,0;0,0
05.02.2025;06:00;-3,7;0,0;0,0
05.02.2025;07:00;-3,6;0,0;0,0
05.02.2025;08:00;-3,6;0,0;0,0
05.02.2025;09:00;-3,4;44,9;0,0
05.02.2025;10:00;-1,3;165,0;0,1
05.02.2025;11:00;-0,5;315,6;0,0
05.02.2025;12:00;0,9;390,6;0,0
05.02.2025;13:00;2,0;407,7;0,0
05.02.2025;14:00;2,4;397,6;0,0
05.02.2025;15:00;3,7;334,9;0,0
05.02.2025;16:00;4,8;226,9;0,0
05.02.2025;17:00;4,7;110,0;0,0
05.02.2025;18:00;3,2;10,9;0,0
05.02.2025;19:00;1,4;0,0;0,0
05.02.2025;20:00;0,7;0,0;0,0
05.02.2025;21:00;0,8;0,0;0,0
05.02.2025;22:00;0,9;0,0;0,0
05.02.2025;23:00;1,0;0,0;0,0
06.02.2025;00:00;0,8;0,0;0,0
06.02.2025;01:00;0,6;0,0;0,0
06.02.2025;02:00;0,2;0,0;0,0
06.02.2025;03:00;0,0;0,0;0,0
06.02.2025;04:00;-0,1;0,0;0,0
06.02.2025;05:00;0,0;0,0;0,0
06.02.2025;06:00;0,0;0,0;0,0
06.02.2025;07:00;0,0;0,0;0,0
06.02.2025;08:00;0,2;0,0;0,0
06.02.2025;09:00;0,3;5,3;0,0
06.02.2025;10:00;0,5;25,5;0,0
06.02.2025;11:00;0,9;42,5;0,0
06.02.2025;12:00;1,8;70,5;0,0
06.02.2025;13:00;2,9;78,1;0,0
06.02.2025;14:00;3,3;90,1;0,0
06.02.2025;15:00;3,5;63,4;0,0
06.02.2025;16:00;3,9;94,6;0,0
06.02.2025;17:00;3,5;57,0;0,0
06.02.2025;18:00;2,8;4,0;0,0
06.02.2025;19:00;2,9;0,0;0,0
06.02.2025;20:00;2,7;0,0;0,0
06.02.2025;21:00;2,9;0,0;0,0
06.02.2025;22:00;2,9;0,0;0,0
06.02.2025;23:00;2,8;0,0;0,0
07.02.2025;00:00;2,1;0,0;0,0
07.02.2025;01:00;2,0;0,0;0,0
07.02.2025;02:00;1,9;0,0;0,0
07.02.2025;03:00;1,6;0,0;0,0
07.02.2025;04:00;1,0;0,0;0,0
07.02.2025;05:00;1,0;0,0;0,0
07.02.2025;06:00;0,3;0,0;0,0
07.02.2025;07:00;-0,1;0,0;0,0
07.02.2025;08:00;-0,4;0,0;0,0
07.02.2025;09:00;-0,1;23,2;0,0
07.02.2025;10:00;0,9;95,4;0,0
07.02.2025;11:00;2,4;224,5;0,0
07.02.2025;12:00;3,6;306,0;0,0
07.02.2025;13:00;4,8;431,8;0,0
07.02.2025;14:00;5,3;279,1;0,0
07.02.2025;15:00;5,6;224,1;0,0
07.02.2025;16:00;6,0;151,9;0,0
07.02.2025;17:00;5,8;74,8;0,0
07.02.2025;18:00;4,4;7,0;0,0
07.02.2025;19:00;3,6;0,0;0,0
07.02.2025;20:00;2,0;0,0;0,0
07.02.2025;21:00;1,2;0,0;0,0
07.02.2025;22:00;0,5;0,0;0,0
07.02.2025;23:00;0,0;0,0;0,0
08.02.2025;00:00;-0,6;0,0;0,0
08.02.2025;01:00;-0,8;0,0;0,0
08.02.2025;02:00;-0,8;0,0;0,0
08.02.2025;03:00;-0,9;0,0;0,0
08.02.2025;04:00;-0,4;0,0;0,0
08.02.2025;05:00;-1,0;0,0;0,0
08.02.2025;06:00;-1,5;0,0;0,0
08.02.2025;07:00;-1,6;0,0;0,0
08.02.2025;08:00;-1,4;0,0;0,0
08.02.2025;09:00;-1,4;52,0;0,0
08.02.2025;10:00;-0,3;116,8;0,0
08.02.2025;11:00;0,5;178,5;0,0
08.02.2025;12:00;2,1;302,6;0,0
08.02.2025;13:00;3,9;451,3;0,0
08.02.2025;14:00;5,3;299,0;0,0
08.02.2025;15:00;6,0;283,5;0,0
08.02.2025;16:00;7,0;212,9;0,0
08.02.2025;17:00;6,5;89,1;0,0
08.02.2025;18:00;4,5;6,0;0,0
08.02.2025;19:00;2,3;0,0;0,0
08.02.2025;20:00;1,1;0,0;0,0
08.02.2025;21:00;0,4;0,0;0,0
08.02.2025;22:00;0,0;0,0;0,0
08.02.2025;23:00;-0,2;0,0;0,0
09.02.2025;00:00;-0,1;0,0;0,0
09.02.2025;01:00;-0,4;0,0;0,0
09.02.2025;02:00;-0,6;0,0;0,0
09.02.2025;03:00;-0,5;0,0;0,0
09.02.2025;04:00;-0,2;0,0;0,0
09.02.2025;05:00;-0,2;0,0;0,0
09.02.2025;06:00;-0,1;0,0;0,0
09.02.2025;07:00;0,4;0,0;0,0
09.02.2025;08:00;0,6;0,0;0,0
09.02.2025;09:00;1,1;99,9;0,0
09.02.2025;10:00;3,5;235,4;0,0
09.02.2025;11:00;5,9;293,1;0,0
09.02.2025;12:00;6,3;226,1;0,0
09.02.2025;13:00;6,8;224,8;0,0
09.02.2025;14:00;7,2;253,4;0,0
09.02.2025;15:00;8,0;251,7;0,0
09.02.2025;16:00;8,0;182,5;0,0
09.02.2025;17:00;7,9;88,5;0,0
09.02.2025;18:00;6,3;15,1;0,0
09.02.2025;19:00;4,9;0,0;0,0
09.02.2025;20:00;3,8;0,0;0,0
09.02.2025;21:00;3,7;0,0;0,0
09.02.2025;22:00;2,9;0,0;0,0
09.02.2025;23:00;1,3;0,0;0,0
10.02.2025;00:00;0,4;0,0;0,0
10.02.2025;01:00;0,2;0,0;0,0
10.02.2025;02:00;-0,2;0,0;0,0
10.02.2025;03:00;0,2;0,0;0,0
10.02.2025;04:00;0,7;0,0;0,0
10.02.2025;05:00;1,0;0,0;0,0
10.02.2025;06:00;1,1;0,0;0,1
10.02.2025;07:00;1,5;0,0;0,1
10.02.2025;08:00;1,6;0,0;0,2
10.02.2025;09:00;1,8;18,9;0,0
10.02.2025;10:00;2,4;68,9;0,3
10.02.2025;11:00;3,2;83,6;0,3
10.02.2025;12:00;3,6;115,5;0,3
10.02.2025;13:00;3,9;130,6;0,0
10.02.2025;14:00;4,2;84,3;0,3
10.02.2025;15:00;4,4;74,8;0,7
10.02.2025;16:00;4,8;68,8;0,3
10.02.2025;17:00;4,9;56,8;0,0
10.02.2025;18:00;4,6;3,7;0,0
10.02.2025;19:00;4,5;0,0;0,0
10.02.2025;20:00;4,3;0,0;0,0
10.02.2025;21:00;4,0;0,0;0,2
10.02.2025;22:00;3,7;0,0;0,0
10.02.2025;23:00;3,8;0,0;0,1
11.02.2025;00:00;3,9;0,0;0,2
11.02.2025;01:00;3,9;0,0;0,1
11.02.2025;02:00;4,1;0,0;0,1
11.02.2025;03:00;4,6;0,0;1,2
11.02.2025;04:00;5,0;0,0;1,7
11.02.2025;05:00;6,6;0,0;1,8
11.02.2025;06:00;7,5;0,0;2,2
11.02.2025;07:00;7,3;0,0;1,0
11.02.2025;08:00;7,3;0,0;0,7
11.02.2025;09:00;7,5;2,4;0,7
11.02.2025;10:00;7,8;24,9;0,0
11.02.2025;11:00;8,1;49,7;0,0
11.02.2025;12:00;8,5;84,9;0,0
11.02.2025;13:00;8,8;79,4;0,0
11.02.2025;14:00;8,2;60,7;0,0
11.02.2025;15:00;7,9;52,3;0,0
11.02.2025;16:00;7,8;30,6;0,1
11.02.2025;17:00;7,7;11,8;0,0
11.02.2025;18:00;7,5;0,0;0,2
11.02.2025;19:00;7,2;0,0;0,5
11.02.2025;20:00;7,0;0,0;0,7
11.02.2025;21:00;6,8;0,0;0,3
11.02.2025;22:00;6,7;0,0;0,2
11.02.2025;23:00;6,6;0,0;0,0
12.02.2025;00:00;6,4;0,0;0,2
12.02.2025;01:00;6,6;0,0;0,2
12.02.2025;02:00;8,8;0,0;0,0
12.02.2025;03:00;9,7;0,0;0,0
12.02.2025;04:00;9,9;0,0;0,0
12.02.2025;05:00;9,1;0,0;0,1
12.02.2025;06:00;8,3;0,0;0,6
12.02.2025;07:00;8,2;0,0;0,1
12.02.2025;08:00;9,1;0,0;0,0
12.02.2025;09:00;9,8;44,4;0,0
12.02.2025;10:00;10,8;140,1;0,0
12.02.2025;11:00;11,5;149,1;0,0
12.02.2025;12:00;11,9;121,4;0,0
12.02.2025;13:00;11,9;193,0;0,0
12.02.2025;14:00;12,6;270,3;0,0
12.02.2025;15:00;12,5;152,4;0,0
12.02.2025;16:00;12,4;120,8;0,0
12.02.2025;17:00;12,1;51,0;0,0
12.02.2025;18:00;11,4;2,4;0,0
12.02.2025;19:00;10,8;0,0;0,7
12.02.2025;20:00;9,9;0,0;1,8
12.02.2025;21:00;9,7;0,0;0,3
12.02.2025;22:00;10,2;0,0;0,0
12.02.2025;23:00;10,2;0,0;0,0
13.02.2025;00:00;10,0;0,0;0,9
13.02.2025;01:00;9,3;0,0;2,9
13.02.2025;02:00;9,3;0,0;1,3
13.02.2025;03:00;9,5;0,0;0,7
13.02.2025;04:00;9,1;0,0;0,0
13.02.2025;05:00;6,2;0,0;0,0
13.02.2025;06:00;4,3;0,0;0,0
13.02.2025;07:00;4,2;0,0;0,1
13.02.2025;08:00;4,0;0,0;4,2
13.02.2025;09:00;4,0;3,0;2,0
13.02.2025;10:00;3,8;24,6;1,1
13.02.2025;11:00;3,4;31,3;1,6
13.02.2025;12:00;2,0;73,2;1,2
13.02.2025;13:00;3,0;155,4;0,0
13.02.2025;14:00;3,9;297,4;0,0
13.02.2025;15:00;5,1;359,4;0,0
13.02.2025;16:00;5,5;247,2;0,0
13.02.2025;17:00;5,4;118,2;0,0
13.02.2025;18:00;4,8;2,2;0,0
13.02.2025;19:00;4,5;0,0;0,0
13.02.2025;20:00;3,8;0,0;0,0
13.02.2025;21:00;3,7;0,0;0,0
13.02.2025;22:00;3,5;0,0;0,0
13.02.2025;23:00;3,3;0,0;0,0
14.02.2025;00:00;3,2;0,0;0,1
14.02.2025;01:00;2,3;0,0;0,0
14.02.2025;02:00;0,2;0,0;0,2
14.02.2025;03:00;0,0;0,0;0,0
14.02.2025;04:00;-0,4;0,0;0,0
14.02.2025;05:00;-0,6;0,0;0,0
14.02.2025;06:00;-0,7;0,0;0,0
14.02.2025;07:00;-0,9;0,0;0,0
14.02.2025;08:00;-1,2;0,0;0,0
14.02.2025;09:00;-1,1;21,2;0,0
14.02.2025;10:00;-1,0;96,3;0,0
14.02.2025;11:00;-0,5;137,4;0,9
14.02.2025;12:00;0,0;227,2;0,7
14.02.2025;13:00;0,4;156,4;0,0
14.02.2025;14:00;0,9;181,1;0,0
14.02.2025;15:00;1,3;187,0;0,0
14.02.2025;16:00;1,5;133,5;0,0
14.02.2025;17:00;1,2;75,1;0,0
14.02.2025;18:00;0,8;18,0;0,0
14.02.2025;19:00;0,5;0,0;0,0
14.02.2025;20:00;0,5;0,0;0,0
14.02.2025;21:00;0,5;0,0;0,0
14.02.2025;22:00;0,4;0,0;0,0
14.02.2025;23:00;-0,1;0,0;0,0
15.02.2025;00:00;-0,7;0,0;0,0
15.02.2025;01:00;-1,7;0,0;0,0
15.02.2025;02:00;-2,2;0,0;0,0
15.02.2025;03:00;-2,6;0,0;0,0
15.02.2025;04:00;-2,6;0,0;0,0
15.02.2025;05:00;-3,0;0,0;0,0
15.02.2025;06:00;-3,2;0,0;0,0
15.02.2025;07:00;-3,6;0,0;0,0
15.02.2025;08:00;-4,0;2,3;0,0
15.02.2025;09:00;-2,8;116,9;0,0
15.02.2025;10:00;-0,8;276,3;0,0
15.02.2025;11:00;0,6;378,5;0,0
15.02.2025;12:00;1,6;467,3;0,0
15.02.2025;13:00;2,0;500,4;0,0
15.02.2025;14:00;3,1;476,5;0,0
15.02.2025;15:00;3,9;397,0;0,0
15.02.2025;16:00;4,2;268,5;0,0
15.02.2025;17:00;3,7;98,1;0,0
15.02.2025;18:00;2,7;19,5;0,0
15.02.2025;19:00;1,5;0,0;0,0
15.02.2025;20:00;0,5;0,0;0,0
15.02.2025;21:00;0,1;0,0;0,0
15.02.2025;22:00;-0,3;0,0;0,0
15.02.2025;23:00;-0,6;0,0;0,0
16.02.2025;00:00;-0,7;0,0;0,0
16.02.2025;01:00;-0,7;0,0;0,0
16.02.2025;02:00;-0,9;0,0;0,0
16.02.2025;03:00;-0,9;0,0;0,0
16.02.2025;04:00;-1,1;0,0;0,0
16.02.2025;05:00;-1,1;0,0;0,0
16.02.2025;06:00;-1,1;0,0;0,0
16.02.2025;07:00;-1,2;0,0;0,0
16.02.2025;08:00;-1,2;0,0;0,0
16.02.2025;09:00;-1,0;52,6;0,0
16.02.2025;10:00;-0,4;109,1;0,0
16.02.2025;11:00;0,0;150,6;0,0
16.02.2025;12:00;1,3;323,5;0,0
16.02.2025;13:00;2,5;311,8;0,0
16.02.2025;14:00;3,8;408,0;0,0
16.02.2025;15:00;4,1;211,7;0,0
16.02.2025;16:00;4,1;122,6;0,0
16.02.2025;17:00;3,7;56,8;0,0
16.02.2025;18:00;3,6;10,3;0,0
16.02.2025;19:00;2,6;0,0;0,0
16.02.2025;20:00;1,9;0,0;0,0
16.02.2025;21:00;1,8;0,0;0,0
16.02.2025;22:00;1,7;0,0;0,0
16.02.2025;23:00;1,6;0,0;0,0
17.02.2025;00:00;1,4;0,0;0,0
17.02.2025;01:00;1,0;0,0;0,0
17.02.2025;02:00;0,0;0,0;0,0
17.02.2025;03:00;-0,6;0,0;0,0
17.02.2025;04:00;-0,4;0,0;0,0
17.02.2025;05:00;-0,2;0,0;0,0
17.02.2025;06:00;-0,1;0,0;0,0
17.02.2025;07:00;-0,2;0,0;0,0
17.02.2025;08:00;-0,3;0,0;0,0
17.02.2025;09:00;0,0;26,3;0,0
17.02.2025;10:00;0,5;72,0;0,0
17.02.2025;11:00;0,9;87,4;0,0
17.02.2025;12:00;1,4;132,8;0,0
17.02.2025;13:00;2,1;166,0;0,0
17.02.2025;14:00;2,6;161,1;0,0
17.02.2025;15:00;3,2;151,7;0,0
17.02.2025;16:00;3,4;107,5;0,0
17.02.2025;17:00;3,3;52,8;0,0
17.02.2025;18:00;2,9;5,4;0,0
17.02.2025;19:00;2,6;0,0;0,0
17.02.2025;20:00;2,3;0,0;0,0
17.02.2025;21:00;2,2;0,0;0,0
17.02.2025;22:00;2,0;0,0;0,0
17.02.2025;23:00;2,0;0,0;0,0
18.02.2025;00:00;1,9;0,0;0,0
18.02.2025;01:00;2,2;0,0;0,0
18.02.2025;02:00;2,1;0,0;0,0
18.02.2025;03:00;2,0;0,0;0,0
18.02.2025;04:00;1,7;0,0;0,0
18.02.2025;05:00;1,5;0,0;0,0
18.02.2025;06:00;1,2;0,0;0,0
18.02.2025;07:00;1,1;0,0;0,0
18.02.2025;08:00;0,6;2,8;0,0
18.02.2025;09:00;0,9;37,8;0,0
18.02.2025;10:00;1,2;76,0;0,0
18.02.2025;11:00;1,4;123,2;0,0
18.02.2025;12:00;2,3;384,6;0,0
18.02.2025;13:00;3,2;484,7;0,0
18.02.2025;14:00;3,6;425,3;0,0
18.02.2025;15:00;4,4;411,2;0,0
18.02.2025;16:00;5,2;291,2;0,0
18.02.2025;17:00;4,8;147,1;0,0
18.02.2025;18:00;3,8;25,0;0,0
18.02.2025;19:00;2,1;0,0;0,0
18.02.2025;20:00;1,0;0,0;0,0
18.02.2025;21:00;0,0;0,0;0,0
18.02.2025;22:00;-0,3;0,0;0,0
18.02.2025;23:00;-0,9;0,0;0,0
19.02.2025;00:00;-1,5;0,0;0,0
19.02.2025;01:00;-1,8;0,0;0,0
19.02.2025;02:00;-2,0;0,0;0,0
19.02.2025;03:00;-2,3;0,0;0,0
19.02.2025;04:00;-2,2;0,0;0,0
19.02.2025;05:00;-2,3;0,0;0,0
19.02.2025;06:00;-2,2;0,0;0,0
19.02.2025;07:00;-2,3;0,0;0,0
19.02.2025;08:00;-2,8;9,4;0,0
19.02.2025;09:00;-2,0;91,7;0,0
19.02.2025;10:00;-0,5;176,5;0,0
19.02.2025;11:00;1,1;342,0;0,0
19.02.2025;12:00;2,6;450,8;0,0
19.02.2025;13:00;3,8;454,0;0,0
19.02.2025;14:00;5,0;436,5;0,0
19.02.2025;15:00;6,2;387,0;0,0
19.02.2025;16:00;6,9;281,3;0,0
19.02.2025;17:00;7,0;138,4;0,0
19.02.2025;18:00;5,6;23,6;0,0
19.02.2025;19:00;4,2;0,0;0,0
19.02.2025;20:00;2,7;0,0;0,0
19.02.2025;21:00;1,8;0,0;0,0
19.02.2025;22:00;1,0;0,0;0,0
19.02.2025;23:00;0,5;0,0;0,0
20.02.2025;00:00;0,5;0,0;0,0
20.02.2025;01:00;0,0;0,0;0,0
20.02.2025;02:00;-0,5;0,0;0,0
20.02.2025;03:00;-0,3;0,0;0,0
20.02.2025;04:00;-0,4;0,0;0,0
20.02.2025;05:00;0,3;0,0;0,0
20.02.2025;06:00;1,0;0,0;0,0
20.02.2025;07:00;1,6;0,0;0,1
20.02.2025;08:00;1,9;0,0;0,0
20.02.2025;09:00;2,6;19,7;0,0
20.02.2025;10:00;3,8;82,0;0,0
20.02.2025;11:00;5,4;176,3;0,1
20.02.2025;12:00;9,5;455,1;0,0
20.02.2025;13:00;13,8;456,8;0,0
20.02.2025;14:00;14,5;418,8;0,0
20.02.2025;15:00;14,9;406,2;0,0
20.02.2025;16:00;15,0;260,9;0,0
20.02.2025;17:00;14,6;118,4;0,0
20.02.2025;18:00;13,8;39,6;0,0
20.02.2025;19:00;11,8;0,0;0,0
20.02.2025;20:00;10,7;0,0;0,0
20.02.2025;21:00;8,3;0,0;0,0
20.02.2025;22:00;7,6;0,0;0,0
20.02.2025;23:00;6,3;0,0;0,0
21.02.2025;00:00;5,6;0,0;0,0
21.02.2025;01:00;5,1;0,0;0,0
21.02.2025;02:00;4,4;0,0;0,0
21.02.2025;03:00;3,9;0,0;0,0
21.02.2025;04:00;3,4;0,0;0,0
21.02.2025;05:00;2,9;0,0;0,0
21.02.2025;06:00;2,4;0,0;0,0
21.02.2025;07:00;1,8;0,0;0,0
21.02.2025;08:00;1,7;9,7;0,0
21.02.2025;09:00;2,5;80,4;0,0
21.02.2025;10:00;5,0;179,5;0,0
21.02.2025;11:00;8,0;359,4;0,0
21.02.2025;12:00;10,3;434,8;0,0
21.02.2025;13:00;11,7;429,2;0,0
21.02.2025;14:00;13,4;450,9;0,0
21.02.2025;15:00;14,3;279,0;0,0
21.02.2025;16:00;15,2;209,6;0,0
21.02.2025;17:00;14,9;123,6;0,0
21.02.2025;18:00;13,2;26,4;0,0
21.02.2025;19:00;10,7;0,0;0,0
21.02.2025;20:00;8,8;0,0;0,0
21.02.2025;21:00;7,4;0,0;0,0
21.02.2025;22:00;7,0;0,0;0,0
21.02.2025;23:00;6,2;0,0;0,0
22.02.2025;00:00;5,8;0,0;0,0
22.02.2025;01:00;5,2;0,0;0,0
22.02.2025;02:00;6,1;0,0;0,0
22.02.2025;03:00;8,7;0,0;0,0
22.02.2025;04:00;8,9;0,0;0,0
22.02.2025;05:00;8,1;0,0;0,0
22.02.2025;06:00;4,9;0,0;0,0
22.02.2025;07:00;4,2;0,0;0,0
22.02.2025;08:00;3,8;2,7;0,0
22.02.2025;09:00;4,7;48,9;0,0
22.02.2025;10:00;7,0;160,8;0,0
22.02.2025;11:00;9,0;246,6;0,0
22.02.2025;12:00;10,0;229,7;0,0
22.02.2025;13:00;13,4;368,5;0,0
22.02.2025;14:00;15,8;247,4;0,0
22.02.2025;15:00;15,3;134,9;0,0
22.02.2025;16:00;14,7;100,4;0,0
22.02.2025;17:00;14,9;76,7;0,0
22.02.2025;18:00;13,9;9,2;0,0
22.02.2025;19:00;13,5;0,0;0,0
22.02.2025;20:00;12,8;0,0;0,0
22.02.2025;21:00;12,2;0,0;0,0
22.02.2025;22:00;11,7;0,0;0,0
22.02.2025;23:00;11,2;0,0;0,3
23.02.2025;00:00;10,7;0,0;0,2
23.02.2025;01:00;10,6;0,0;0,0
23.02.2025;02:00;10,4;0,0;0,0
23.02.2025;03:00;9,3;0,0;0,0
23.02.2025;04:00;8,8;0,0;0,0
23.02.2025;05:00;8,4;0,0;0,0
23.02.2025;06:00;8,4;0,0;0,0
23.02.2025;07:00;7,9;0,0;0,0
23.02.2025;08:00;7,3;0,0;0,0
23.02.2025;09:00;7,5;34,7;0,0
23.02.2025;10:00;8,5;82,7;0,0
23.02.2025;11:00;9,5;142,7;0,0
23.02.2025;12:00;10,1;199,8;0,0
23.02.2025;13:00;10,9;199,0;0,0
23.02.2025;14:00;12,1;397,6;0,0
23.02.2025;15:00;13,1;320,0;0,0
23.02.2025;16:00;13,5;219,2;0,0
23.02.2025;17:00;14,0;175,8;0,0
23.02.2025;18:00;12,8;60,2;0,0
23.02.2025;19:00;10,0;0,0;0,0
23.02.2025;20:00;7,7;0,0;0,0
23.02.2025;21:00;5,8;0,0;0,0
23.02.2025;22:00;4,9;0,0;0,0
23.02.2025;23:00;3,6;0,0;0,0
24.02.2025;00:00;2,8;0,0;0,0
24.02.2025;01:00;2,6;0,0;0,0
24.02.2025;02:00;2,1;0,0;0,0
24.02.2025;03:00;2,1;0,0;0,0
24.02.2025;04:00;1,8;0,0;0,0
24.02.2025;05:00;1,7;0,0;0,0
24.02.2025;06:00;2,2;0,0;0,0
24.02.2025;07:00;2,4;0,0;0,0
24.02.2025;08:00;2,6;7,6;0,0
24.02.2025;09:00;3,7;54,4;0,0
24.02.2025;10:00;5,6;101,8;0,0
24.02.2025;11:00;7,7;148,4;0,0
24.02.2025;12:00;10,5;157,8;0,0
24.02.2025;13:00;12,8;212,5;0,0
24.02.2025;14:00;14,0;217,0;0,0
24.02.2025;15:00;14,3;209,9;0,0
24.02.2025;16:00;14,2;136,1;0,0
24.02.2025;17:00;13,0;46,4;0,0
24.02.2025;18:00;12,3;13,2;0,0
24.02.2025;19:00;11,9;0,0;0,0
24.02.2025;20:00;12,4;0,0;0,0
24.02.2025;21:00;12,7;0,0;0,0
24.02.2025;22:00;12,6;0,0;0,0
24.02.2025;23:00;11,5;0,0;0,4
25.02.2025;00:00;11,0;0,0;0,0
25.02.2025;01:00;10,4;0,0;0,0
25.02.2025;02:00;9,7;0,0;0,0
25.02.2025;03:00;10,5;0,0;0,0
25.02.2025;04:00;10,5;0,0;0,0
25.02.2025;05:00;10,5;0,0;0,1
25.02.2025;06:00;9,8;0,0;0,4
25.02.2025;07:00;9,5;0,0;0,0
25.02.2025;08:00;9,7;3,0;0,0
25.02.2025;09:00;9,8;31,3;0,0
25.02.2025;10:00;9,0;52,0;1,0
25.02.2025;11:00;9,0;52,1;0,9
25.02.2025;12:00;9,0;69,7;2,9
25.02.2025;13:00;9,7;120,4;0,5
25.02.2025;14:00;11,0;147,6;0,1
25.02.2025;15:00;11,6;150,4;0,0
25.02.2025;16:00;13,3;374,8;0,0
25.02.2025;17:00;12,0;124,1;0,0
25.02.2025;18:00;9,9;22,0;0,2
25.02.2025;19:00;8,7;0,0;0,7
25.02.2025;20:00;8,3;0,0;0,1
25.02.2025;21:00;8,6;0,0;0,0
25.02.2025;22:00;8,6;0,0;0,1
25.02.2025;23:00;8,1;0,0;0,1
26.02.2025;00:00;7,7;0,0;0,0
26.02.2025;01:00;7,1;0,0;0,1
26.02.2025;02:00;6,6;0,0;0,0
26.02.2025;03:00;6,1;0,0;0,0
26.02.2025;04:00;5,7;0,0;0,0
26.02.2025;05:00;5,4;0,0;0,0
26.02.2025;06:00;5,1;0,0;0,0
26.02.2025;07:00;4,7;0,0;0,3
26.02.2025;08:00;4,6;0,0;0,0
26.02.2025;09:00;4,8;13,1;0,0
26.02.2025;10:00;5,2;27,5;0,1
26.02.2025;11:00;5,3;89,0;0,7
26.02.2025;12:00;5,8;138,1;0,6
26.02.2025;13:00;6,4;124,9;0,3
26.02.2025;14:00;6,9;81,2;0,1
26.02.2025;15:00;7,1;88,0;0,4
26.02.2025;16:00;7,8;181,8;0,0
26.02.2025;17:00;8,5;179,6;0,0
26.02.2025;18:00;7,7;53,7;0,0
26.02.2025;19:00;6,9;0,0;0,0
26.02.2025;20:00;6,1;0,0;0,0
26.02.2025;21:00;5,6;0,0;0,0
26.02.2025;22:00;5,2;0,0;0,0
26.02.2025;23:00;5,0;0,0;0,0
27.02.2025;00:00;4,9;0,0;0,0
27.02.2025;01:00;4,8;0,0;0,0
27.02.2025;02:00;6,2;0,0;0,0
27.02.2025;03:00;6,6;0,0;0,0
27.02.2025;04:00;6,6;0,0;0,0
27.02.2025;05:00;6,6;0,0;0,0
27.02.2025;06:00;6,2;0,0;0,0
27.02.2025;07:00;6,2;0,0;0,0
27.02.2025;08:00;5,9;5,0;0,0
27.02.2025;09:00;5,7;25,6;0,0
27.02.2025;10:00;5,7;105,6;0,0
27.02.2025;11:00;7,0;360,4;0,0
27.02.2025;12:00;8,4;402,2;0,0
27.02.2025;13:00;9,3;474,7;0,0
27.02.2025;14:00;10,2;523,3;0,0
27.02.2025;15:00;9,8;253,0;0,0
27.02.2025;16:00;8,2;163,9;0,2
27.02.2025;17:00;7,3;67,6;1,0
27.02.2025;18:00;6,2;23,3;2,0
27.02.2025;19:00;3,4;0,0;2,0
27.02.2025;20:00;2,7;0,0;0,0
27.02.2025;21:00;4,8;0,0;0,0
27.02.2025;22:00;5,6;0,0;0,0
27.02.2025;23:00;5,3;0,0;0,0
28.02.2025;00:00;4,5;0,0;0,0
28.02.2025;01:00;3,7;0,0;0,0
28.02.2025;02:00;2,6;0,0;0,0
28.02.2025;03:00;1,3;0,0;0,0
28.02.2025;04:00;0,9;0,0;0,0
28.02.2025;05:00;2,2;0,0;0,0
28.02.2025;06:00;2,4;0,0;0,0
28.02.2025;07:00;2,0;0,0;0,0
28.02.2025;08:00;2,3;13,6;0,0
28.02.2025;09:00;1,9;39,1;0,0
28.02.2025;10:00;3,1;129,9;0,0
28.02.2025;11:00;5,2;244,6;0,0
28.02.2025;12:00;6,0;251,0;0,0
28.02.2025;13:00;6,7;283,0;0,0
28.02.2025;14:00;7,0;200,1;0,0
28.02.2025;15:00;6,5;67,8;0,0
28.02.2025;16:00;6,5;88,5;0,0
28.02.2025;17:00;6,7;108,5;0,0
28.02.2025;18:00;6,2;7,1;0,0
28.02.2025;19:00;5,3;0,0;0,0
28.02.2025;20:00;4,5;0,0;0,0
28.02.2025;21:00;4,0;0,0;0,0
28.02.2025;22:00;3,9;0,0;0,0
28.02.2025;23:00;3,5;0,0;0,0
01.03.2025;00:00;2,9;0,0;0,0
01.03.2025;01:00;2,0;0,0;0,0
01.03.2025;02:00;1,3;0,0;0,0
01.03.2025;03:00;0,5;0,0;0,0
01.03.2025;04:00;0,4;0,0;0,0
01.03.2025;05:00;0,3;0,0;0,0
01.03.2025;06:00;0,2;0,0;0,0
01.03.2025;07:00;0,3;0,0;0,0
01.03.2025;08:00;0,3;8,3;0,0
01.03.2025;09:00;0,7;79,2;0,0
01.03.2025;10:00;2,3;324,7;0,0
01.03.2025;11:00;4,4;484,6;0,0
01.03.2025;12:00;6,1;546,4;0,0
01.03.2025;13:00;7,8;594,4;0,0
01.03.2025;14:00;8,3;495,8;0,0
01.03.2025;15:00;8,1;321,8;0,0
01.03.2025;16:00;8,5;275,1;0,0
01.03.2025;17:00;8,3;159,9;0,0
01.03.2025;18:00;7,9;89,2;0,0
01.03.2025;19:00;6,6;0,0;0,0
01.03.2025;20:00;4,9;0,0;0,0
01.03.2025;21:00;3,9;0,0;0,0
01.03.2025;22:00;3,1;0,0;0,0
01.03.2025;23:00;2,5;0,0;0,0
02.03.2025;00:00;2,8;0,0;0,0
02.03.2025;01:00;2,5;0,0;0,0
02.03.2025;02:00;2,1;0,0;0,0
02.03.2025;03:00;1,3;0,0;0,0
02.03.2025;04:00;0,5;0,0;0,0
02.03.2025;05:00;0,1;0,0;0,0
02.03.2025;06:00;-0,7;0,0;0,0
02.03.2025;07:00;-1,2;0,0;0,0
02.03.2025;08:00;-1,3;37,6;0,0
02.03.2025;09:00;0,4;184,0;0,0
02.03.2025;10:00;1,9;308,5;0,0
02.03.2025;11:00;4,4;469,9;0,0
02.03.2025;12:00;6,1;546,6;0,0
02.03.2025;13:00;7,7;567,4;0,0
02.03.2025;14:00;9,4;563,9;0,0
02.03.2025;15:00;10,1;465,6;0,0
02.03.2025;16:00;10,0;350,6;0,0
02.03.2025;17:00;10,1;175,7;0,0
02.03.2025;18:00;9,4;79,2;0,0
02.03.2025;19:00;7,6;2,6;0,0
02.03.2025;20:00;6,0;0,0;0,0
02.03.2025;21:00;4,3;0,0;0,0
02.03.2025;22:00;3,0;0,0;0,0
02.03.2025;23:00;1,1;0,0;0,0
03.03.2025;00:00;0,0;0,0;0,0
03.03.2025;01:00;-0,6;0,0;0,0
03.03.2025;02:00;-0,9;0,0;0,0
03.03.2025;03:00;-0,8;0,0;0,0
03.03.2025;04:00;-1,0;0,0;0,0
03.03.2025;05:00;-1,3;0,0;0,0
03.03.2025;06:00;-1,6;0,0;0,0
03.03.2025;07:00;-1,9;0,0;0,0
03.03.2025;08:00;-1,7;36,8;0,0
03.03.2025;09:00;0,2;227,7;0,0
03.03.2025;10:00;2,5;368,6;0,0
03.03.2025;11:00;5,4;477,1;0,0
03.03.2025;12:00;7,4;556,3;0,0
03.03.2025;13:00;8,9;587,2;0,0
03.03.2025;14:00;9,8;560,2;0,0
03.03.2025;15:00;10,7;483,6;0,0
03.03.2025;16:00;11,5;374,3;0,0
03.03.2025;17:00;11,8;196,2;0,0
03.03.2025;18:00;11,0;83,9;0,0
03.03.2025;19:00;8,1;2,3;0,0
03.03.2025;20:00;5,3;0,0;0,0
03.03.2025;21:00;3,9;0,0;0,0
03.03.2025;22:00;2,2;0,0;0,0
03.03.2025;23:00;1,2;0,0;0,0
04.03.2025;00:00;0,5;0,0;0,0
04.03.2025;01:00;0,1;0,0;0,0
04.03.2025;02:00;-0,6;0,0;0,0
04.03.2025;03:00;-0,7;0,0;0,0
04.03.2025;04:00;-1,2;0,0;0,0
04.03.2025;05:00;-1,2;0,0;0,0
04.03.2025;06:00;-1,3;0,0;0,0
04.03.2025;07:00;-1,6;0,0;0,0
04.03.2025;08:00;-1,5;43,8;0,0
04.03.2025;09:00;0,8;252,4;0,0
04.03.2025;10:00;4,2;379,2;0,0
04.03.2025;11:00;6,8;461,4;0,0
04.03.2025;12:00;8,9;557,2;0,0
04.03.2025;13:00;10,6;591,3;0,0
04.03.2025;14:00;11,9;551,4;0,0
04.03.2025;15:00;13,1;496,7;0,0
04.03.2025;16:00;13,9;370,9;0,0
04.03.2025;17:00;14,1;196,9;0,0
04.03.2025;18:00;12,9;69,6;0,0
04.03.2025;19:00;9,5;3,4;0,0
04.03.2025;20:00;6,9;0,0;0,0
04.03.2025;21:00;4,5;0,0;0,0
04.03.2025;22:00;3,1;0,0;0,0
04.03.2025;23:00;1,9;0,0;0,0
05.03.2025;00:00;1,2;0,0;0,0
05.03.2025;01:00;0,6;0,0;0,0
05.03.2025;02:00;0,0;0,0;0,0
05.03.2025;03:00;-0,4;0,0;0,0
05.03.2025;04:00;-0,6;0,0;0,0
05.03.2025;05:00;-1,0;0,0;0,0
05.03.2025;06:00;-1,1;0,0;0,0
05.03.2025;07:00;-1,3;0,0;0,0
05.03.2025;08:00;-0,8;42,1;0,0
05.03.2025;09:00;1,6;235,5;0,0
05.03.2025;10:00;4,7;365,4;0,0
05.03.2025;11:00;7,5;485,3;0,0
05.03.2025;12:00;9,4;566,3;0,0
05.03.2025;13:00;11,8;596,6;0,0
05.03.2025;14:00;13,9;566,5;0,0
05.03.2025;15:00;15,6;509,7;0,0
05.03.2025;16:00;16,3;392,3;0,0
05.03.2025;17:00;16,7;216,8;0,0
05.03.2025;18:00;16,7;96,8;0,0
05.03.2025;19:00;11,2;2,6;0,0
05.03.2025;20:00;6,9;0,0;0,0
05.03.2025;21:00;5,0;0,0;0,0
05.03.2025;22:00;3,6;0,0;0,0
05.03.2025;23:00;2,4;0,0;0,0
06.03.2025;00:00;1,9;0,0;0,0
06.03.2025;01:00;1,7;0,0;0,0
06.03.2025;02:00;1,1;0,0;0,0
06.03.2025;03:00;0,0;0,0;0,0
06.03.2025;04:00;-0,2;0,0;0,0
06.03.2025;05:00;-0,5;0,0;0,0
06.03.2025;06:00;-1,1;0,0;0,0
06.03.2025;07:00;-1,0;0,0;0,0
06.03.2025;08:00;-0,3;64,3;0,0
06.03.2025;09:00;2,7;226,6;0,0
06.03.2025;10:00;6,2;361,9;0,0
06.03.2025;11:00;10,5;488,3;0,0
06.03.2025;12:00;13,4;567,0;0,0
06.03.2025;13:00;15,6;599,0;0,0
06.03.2025;14:00;16,7;561,8;0,0
06.03.2025;15:00;17,8;502,0;0,0
06.03.2025;16:00;18,2;367,9;0,0
06.03.2025;17:00;18,2;217,9;0,0
06.03.2025;18:00;17,1;83,8;0,0
06.03.2025;19:00;12,6;3,9;0,0
06.03.2025;20:00;9,2;0,0;0,0
06.03.2025;21:00;7,2;0,0;0,0
06.03.2025;22:00;5,2;0,0;0,0
06.03.2025;23:00;4,3;0,0;0,0
07.03.2025;00:00;3,5;0,0;0,0
07.03.2025;01:00;2,9;0,0;0,0
07.03.2025;02:00;2,3;0,0;0,0
07.03.2025;03:00;2,0;0,0;0,0
07.03.2025;04:00;1,0;0,0;0,0
07.03.2025;05:00;0,5;0,0;0,0
07.03.2025;06:00;0,5;0,0;0,0
07.03.2025;07:00;0,0;0,0;0,0
07.03.2025;08:00;1,0;73,1;0,0
07.03.2025;09:00;4,8;218,6;0,0
07.03.2025;10:00;7,7;368,4;0,0
07.03.2025;11:00;10,6;490,8;0,0
07.03.2025;12:00;12,9;565,3;0,0
07.03.2025;13:00;14,3;570,0;0,0
07.03.2025;14:00;15,5;557,6;0,0
07.03.2025;15:00;16,6;475,3;0,0
07.03.2025;16:00;17,1;371,6;0,0
07.03.2025;17:00;17,0;221,3;0,0
07.03.2025;18:00;16,0;87,7;0,0
07.03.2025;19:00;12,5;3,6;0,0
07.03.2025;20:00;8,5;0,0;0,0
07.03.2025;21:00;7,1;0,0;0,0
07.03.2025;22:00;5,3;0,0;0,0
07.03.2025;23:00;4,0;0,0;0,0
08.03.2025;00:00;3,1;0,0;0,0
08.03.2025;01:00;2,6;0,0;0,0
08.03.2025;02:00;1,9;0,0;0,0
08.03.2025;03:00;1,1;0,0;0,0
08.03.2025;04:00;0,8;0,0;0,0
08.03.2025;05:00;0,8;0,0;0,0
08.03.2025;06:00;0,5;0,0;0,0
08.03.2025;07:00;0,1;0,0;0,0
08.03.2025;08:00;0,4;71,2;0,0
08.03.2025;09:00;3,8;228,6;0,0
08.03.2025;10:00;6,0;364,7;0,0
08.03.2025;11:00;9,3;490,6;0,0
08.03.2025;12:00;12,5;577,8;0,0
08.03.2025;13:00;14,6;595,7;0,0
08.03.2025;14:00;16,4;577,0;0,0
08.03.2025;15:00;17,2;507,7;0,0
08.03.2025;16:00;17,9;384,4;0,0
08.03.2025;17:00;17,8;225,5;0,0
08.03.2025;18:00;16,7;92,2;0,0
08.03.2025;19:00;13,0;0,0;0,0
08.03.2025;20:00;9,3;0,0;0,0
08.03.2025;21:00;6,8;0,0;0,0
08.03.2025;22:00;5,6;0,0;0,0
08.03.2025;23:00;4,3;0,0;0,0
09.03.2025;00:00;3,4;0,0;0,0
09.03.2025;01:00;3,1;0,0;0,0
09.03.2025;02:00;2,2;0,0;0,0
09.03.2025;03:00;2,3;0,0;0,0
09.03.2025;04:00;2,8;0,0;0,0
09.03.2025;05:00;3,4;0,0;0,0
09.03.2025;06:00;2,1;0,0;0,0
09.03.2025;07:00;1,5;0,0;0,0
09.03.2025;08:00;2,1;56,6;0,0
09.03.2025;09:00;5,4;216,6;0,0
09.03.2025;10:00;8,2;373,1;0,0
09.03.2025;11:00;11,1;480,3;0,0
09.03.2025;12:00;13,1;576,4;0,0
09.03.2025;13:00;14,7;593,3;0,0
09.03.2025;14:00;16,4;575,0;0,0
09.03.2025;15:00;17,4;417,4;0,0
09.03.2025;16:00;17,3;251,5;0,0
09.03.2025;17:00;16,8;161,4;0,0
09.03.2025;18:00;15,8;77,3;0,0
09.03.2025;19:00;12,9;3,2;0,0
09.03.2025;20:00;10,2;0,0;0,0
09.03.2025;21:00;8,3;0,0;0,0
09.03.2025;22:00;6,6;0,0;0,0
09.03.2025;23:00;5,2;0,0;0,0
10.03.2025;00:00;4,7;0,0;0,0
10.03.2025;01:00;4,9;0,0;0,0
10.03.2025;02:00;4,2;0,0;0,0
10.03.2025;03:00;5,2;0,0;0,0
10.03.2025;04:00;5,6;0,0;0,0
10.03.2025;05:00;5,8;0,0;0,0
10.03.2025;06:00;7,5;0,0;0,0
10.03.2025;07:00;9,5;0,0;0,0
10.03.2025;08:00;10,7;8,5;0,0
10.03.2025;09:00;10,8;21,9;0,0
10.03.2025;10:00;10,2;48,4;0,5
10.03.2025;11:00;10,1;64,1;0,4
10.03.2025;12:00;10,0;64,8;0,1
10.03.2025;13:00;9,9;97,9;0,5
10.03.2025;14:00;11,0;180,2;0,0
10.03.2025;15:00;11,9;236,4;0,0
10.03.2025;16:00;12,5;223,2;0,0
10.03.2025;17:00;12,9;195,5;0,0
10.03.2025;18:00;12,8;97,6;0,0
10.03.2025;19:00;10,4;3,6;0,0
10.03.2025;20:00;7,9;0,0;0,0
10.03.2025;21:00;7,2;0,0;0,0
10.03.2025;22:00;5,7;0,0;0,0
10.03.2025;23:00;4,1;0,0;0,0
11.03.2025;00:00;3,4;0,0;0,0
11.03.2025;01:00;3,1;0,0;0,0
11.03.2025;02:00;2,2;0,0;0,0
11.03.2025;03:00;2,0;0,0;0,0
11.03.2025;04:00;1,6;0,0;0,0
11.03.2025;05:00;1,2;0,0;0,0
11.03.2025;06:00;0,9;0,0;0,0
11.03.2025;07:00;0,9;0,0;0,0
11.03.2025;08:00;1,3;38,9;0,0
11.03.2025;09:00;3,6;127,2;0,0
11.03.2025;10:00;7,6;407,6;0,0
11.03.2025;11:00;10,5;472,0;0,0
11.03.2025;12:00;13,7;677,5;0,0
11.03.2025;13:00;14,6;609,2;0,0
11.03.2025;14:00;15,0;490,8;0,0
11.03.2025;15:00;15,1;356,6;0,0
11.03.2025;16:00;15,0;175,9;0,0
11.03.2025;17:00;14,2;89,4;0,0
11.03.2025;18:00;13,1;69,2;0,0
